<?xml version="1.0" encoding="UTF-8"?>
<project-private xmlns="http://www.netbeans.org/ns/project-private/1">
    <editor-bookmarks xmlns="http://www.netbeans.org/ns/editor-bookmarks/2" lastBookmarkId="0"/>
    <open-files xmlns="http://www.netbeans.org/ns/projectui-open-files/2">
        <group>
            <file>file:/C:/Users/Bonus/OneDrive/Documents/NetBeansProjects/rocketgame/src/gamedetail/Keyboard.java</file>
            <file>file:/C:/Users/Bonus/OneDrive/Documents/NetBeansProjects/rocketgame/src/gameobject/HP.java</file>
            <file>file:/C:/Users/Bonus/OneDrive/Documents/NetBeansProjects/rocketgame/src/rocketgame/Main.java</file>
            <file>file:/C:/Users/Bonus/OneDrive/Documents/NetBeansProjects/rocketgame/src/gameobject/User.java</file>
            <file>file:/C:/Users/Bonus/OneDrive/Documents/NetBeansProjects/rocketgame/src/gameobject/Bullet.java</file>
            <file>file:/C:/Users/Bonus/OneDrive/Documents/NetBeansProjects/rocketgame/src/gamedetail/Panel.java</file>
            <file>file:/C:/Users/Bonus/OneDrive/Documents/NetBeansProjects/rocketgame/src/gameobject/Effect.java</file>
            <file>file:/C:/Users/Bonus/OneDrive/Documents/NetBeansProjects/rocketgame/src/gameobject/Hprender.java</file>
            <file>file:/C:/Users/Bonus/OneDrive/Documents/NetBeansProjects/rocketgame/src/gameobject/Rocket.java</file>
            <file>file:/C:/Users/Bonus/OneDrive/Documents/NetBeansProjects/rocketgame/src/gameobject/ModelBoom.java</file>
        </group>
    </open-files>
</project-private>
